[
    {
        "fields": {
            "username": "esdoc", 
            "first_name": "", 
            "last_name": "", 
            "is_active": true, 
            "is_superuser": true, 
            "is_staff": true, 
            "last_login": "2016-10-21T17:05:24.072Z", 
            "groups": [], 
            "user_permissions": [], 
            "password": "pbkdf2_sha256$20000$iTSoNTk7xofl$ou7QfIg3JdDxE2iOVbO6DPh9IddSgIFYoS9X0DAIflM=", 
            "email": "allyn.treshansky@colorado.edu", 
            "date_joined": "2016-10-21T16:58:00.633Z"
        }, 
        "model": "auth.user", 
        "pk": 1
    }, 
    {
        "fields": {
            "username": "allynt", 
            "first_name": "Allyn", 
            "last_name": "Treshansky", 
            "is_active": true, 
            "is_superuser": false, 
            "is_staff": false, 
            "last_login": "2016-10-21T17:02:45.865Z", 
            "groups": [], 
            "user_permissions": [], 
            "password": "pbkdf2_sha256$20000$7iI2ls6e9BHE$a6mlbuB6zsqUpPGIXKlGb0wdXSlO9HwuoAGY/AznXYU=", 
            "email": "allyn.treshansky@colorado.edu", 
            "date_joined": "2016-10-21T17:02:45.815Z"
        }, 
        "model": "auth.user", 
        "pk": 2
    }, 
    {
        "fields": {
            "domain": "example.com", 
            "name": "example.com"
        }, 
        "model": "sites.site", 
        "pk": 1
    }, 
    {
        "fields": {
            "domain": "questionnaire.es-doc.org", 
            "name": "questionnaire.es-doc.org"
        }, 
        "model": "sites.site", 
        "pk": 2
    }, 
    {
        "fields": {
            "domain": "test.questionnaire.es-doc.org", 
            "name": "test.questionnaire.es-doc.org"
        }, 
        "model": "sites.site", 
        "pk": 3
    }, 
    {
        "fields": {
            "domain": "test.questionnaire.esdoc.webfactional.com", 
            "name": "test.questionnaire.esdoc.webfactional.com"
        }, 
        "model": "sites.site", 
        "pk": 4
    }, 
    {
        "fields": {
            "domain": "localhost:8000", 
            "name": "localhost"
        }, 
        "model": "sites.site", 
        "pk": 5
    }, 
    {
        "fields": {
            "domain": "localhost:8081", 
            "name": "test"
        }, 
        "model": "sites.site", 
        "pk": 6
    }, 
    {
        "fields": {
            "domain": "prod.questionnaire.esdoc.webfactional.com", 
            "name": "prod.questionnaire.esdoc.webfactional.com"
        }, 
        "model": "sites.site", 
        "pk": 7
    }, 
    {
        "fields": {
            "domain": "cim2.questionnaire.es-doc.org", 
            "name": "cim2.questionnaire.es-doc.org"
        }, 
        "model": "sites.site", 
        "pk": 8
    }, 
    {
        "fields": {
            "is_active": true, 
            "name": "CCCma", 
            "description": "Canadian Centre for Climate Modelling and Analysis, Victoria, BC V8P 5C2, Canada"
        }, 
        "model": "questionnaire.qinstitute", 
        "pk": 1
    }, 
    {
        "fields": {
            "is_active": true, 
            "name": "COLA-CFS", 
            "description": "Center for Ocean-Land-Atmosphere Studies, Fairfax, VA 22030, USA"
        }, 
        "model": "questionnaire.qinstitute", 
        "pk": 2
    }, 
    {
        "fields": {
            "is_active": true, 
            "name": "CSIRO-BOM", 
            "description": "Commonwealth Scientific and Industrial Research Organisation and Bureau of Meteorology, Melbourne, Victoria 3208, Australia"
        }, 
        "model": "questionnaire.qinstitute", 
        "pk": 3
    }, 
    {
        "fields": {
            "is_active": true, 
            "name": "BNU", 
            "description": "GCESS, BNU, Beijing, China"
        }, 
        "model": "questionnaire.qinstitute", 
        "pk": 4
    }, 
    {
        "fields": {
            "is_active": true, 
            "name": "CMCC", 
            "description": "Centro Euro-Mediterraneo per i Cambiamenti Climatici, Bologna 40127, Italy"
        }, 
        "model": "questionnaire.qinstitute", 
        "pk": 5
    }, 
    {
        "fields": {
            "is_active": true, 
            "name": "FIO", 
            "description": "The First Institution of Oceanography (SOA), Qingdao, China"
        }, 
        "model": "questionnaire.qinstitute", 
        "pk": 6
    }, 
    {
        "fields": {
            "is_active": true, 
            "name": "INM", 
            "description": "Institute for Numerical Mathematics, Moscow 119991, Russia"
        }, 
        "model": "questionnaire.qinstitute", 
        "pk": 7
    }, 
    {
        "fields": {
            "is_active": true, 
            "name": "IPSL", 
            "description": "Institut Pierre Simon Laplace, Paris 75252, France"
        }, 
        "model": "questionnaire.qinstitute", 
        "pk": 8
    }, 
    {
        "fields": {
            "is_active": true, 
            "name": "LASG-IAP", 
            "description": "Institute of Atmospheric Physics, Chinese Academy of Sciences, Beijing 100029, China"
        }, 
        "model": "questionnaire.qinstitute", 
        "pk": 9
    }, 
    {
        "fields": {
            "is_active": true, 
            "name": "MIROC", 
            "description": "JAMSTEC (Japan Agency for Marine-Earth Science and Technology, Kanagawa, Japan), AORI (Atmosphere and Ocean Research Institute, The University of Tokyo, Chiba, Japan), and NIES (National Institute for Environmental Studies, Ibaraki, Japan)"
        }, 
        "model": "questionnaire.qinstitute", 
        "pk": 10
    }, 
    {
        "fields": {
            "is_active": true, 
            "name": "MOHC", 
            "description": "Met Office Hadley Centre, Fitzroy Road, Exeter, Devon, EX1 3PB, UK"
        }, 
        "model": "questionnaire.qinstitute", 
        "pk": 11
    }, 
    {
        "fields": {
            "is_active": true, 
            "name": "MPI-M", 
            "description": "Max Planck Institute for Meteorology, Hamburg 20146, Germany"
        }, 
        "model": "questionnaire.qinstitute", 
        "pk": 12
    }, 
    {
        "fields": {
            "is_active": true, 
            "name": "MRI", 
            "description": "Meteorological Research Institute, Tsukuba, Ibaraki 305-0052, Japan"
        }, 
        "model": "questionnaire.qinstitute", 
        "pk": 13
    }, 
    {
        "fields": {
            "is_active": true, 
            "name": "NASA-GISS", 
            "description": "Goddard Institute for Space Studies, New York, NY 10025, USA"
        }, 
        "model": "questionnaire.qinstitute", 
        "pk": 14
    }, 
    {
        "fields": {
            "is_active": true, 
            "name": "NCAR", 
            "description": "National Center for Atmospheric Research, Boulder, CO 80307, USA"
        }, 
        "model": "questionnaire.qinstitute", 
        "pk": 15
    }, 
    {
        "fields": {
            "is_active": true, 
            "name": "NCC", 
            "description": "UNI Bjerknes Centre for Climate Research, Norwegian Climate Centre, Bergen 5007, Norway"
        }, 
        "model": "questionnaire.qinstitute", 
        "pk": 16
    }, 
    {
        "fields": {
            "is_active": true, 
            "name": "NIMS-KMA", 
            "description": "National Institute of Meteorological Sciences/Korea Meteorological Administration, Climate Research Division, Seoho-bukro 33, Seogwipo-si, Jejudo 63568, Republic of Korea"
        }, 
        "model": "questionnaire.qinstitute", 
        "pk": 17
    }, 
    {
        "fields": {
            "is_active": true, 
            "name": "NOAA-GFDL", 
            "description": "National Oceanic and Atmospheric Administration, Geophysical Fluid Dynamics Laboratory, Princeton, NJ 08540, USA"
        }, 
        "model": "questionnaire.qinstitute", 
        "pk": 18
    }, 
    {
        "fields": {
            "is_active": true, 
            "name": "NOAA-NCEP", 
            "description": "National Oceanic and Atmospheric Administration, National Centers for Environmental Prediction, Camp Springs, MD 20746, USA"
        }, 
        "model": "questionnaire.qinstitute", 
        "pk": 19
    }, 
    {
        "fields": {
            "is_active": true, 
            "name": "NUIST", 
            "description": "Nanjing University of Information Science & Technology, Nanjing, 210044, China"
        }, 
        "model": "questionnaire.qinstitute", 
        "pk": 20
    }, 
    {
        "fields": {
            "is_active": true, 
            "name": "PCMDI", 
            "description": "Program for Climate Model Diagnosis and Intercomparison, Lawrence Livermore National Laboratory, Livermore, CA 94550, USA"
        }, 
        "model": "questionnaire.qinstitute", 
        "pk": 21
    }, 
    {
        "fields": {
            "type": "", 
            "site": 1
        }, 
        "model": "questionnaire.qsite", 
        "pk": 1
    }, 
    {
        "fields": {
            "type": "PROD", 
            "site": 2
        }, 
        "model": "questionnaire.qsite", 
        "pk": 2
    }, 
    {
        "fields": {
            "type": "DEV", 
            "site": 3
        }, 
        "model": "questionnaire.qsite", 
        "pk": 3
    }, 
    {
        "fields": {
            "type": "DEV", 
            "site": 4
        }, 
        "model": "questionnaire.qsite", 
        "pk": 4
    }, 
    {
        "fields": {
            "type": "LOCAL", 
            "site": 5
        }, 
        "model": "questionnaire.qsite", 
        "pk": 5
    }, 
    {
        "fields": {
            "type": "TEST", 
            "site": 6
        }, 
        "model": "questionnaire.qsite", 
        "pk": 6
    }, 
    {
        "fields": {
            "type": "PROD", 
            "site": 7
        }, 
        "model": "questionnaire.qsite", 
        "pk": 7
    }, 
    {
        "fields": {
            "type": "PROD", 
            "site": 8
        }, 
        "model": "questionnaire.qsite", 
        "pk": 8
    }, 
    {
        "fields": {
            "institute": null, 
            "user": 1, 
            "projects": []
        }, 
        "model": "questionnaire.quserprofile", 
        "pk": 1
    }, 
    {
        "fields": {
            "institute": 11, 
            "user": 2, 
            "projects": []
        }, 
        "model": "questionnaire.quserprofile", 
        "pk": 2
    }, 
    {
        "fields": {
            "file": "questionnaire/ontologies/ontology_schema.xml", 
            "categorization": 2, 
            "name": "test_ontology", 
            "created": "2016-10-21T17:08:27.210Z", 
            "url": "http://www.foo.com", 
            "modified": "2016-10-21T17:10:14.993Z", 
            "is_registered": false, 
            "version": "1.0.0", 
            "key": "test_ontology_1.0.0", 
            "guid": "789973e3-cec5-4e71-a4d8-ed868ca6cd85", 
            "ontology_type": "SCHEMA", 
            "last_registered_version": null, 
            "description": ""
        }, 
        "model": "questionnaire.qontology", 
        "pk": 1
    }, 
    {
        "fields": {
            "file": "questionnaire/ontologies/cim_2.xml", 
            "categorization": 1, 
            "name": "cim", 
            "created": "2016-10-21T17:08:57.316Z", 
            "url": "http://www.foo.com", 
            "modified": "2016-10-21T17:09:55.115Z", 
            "is_registered": false, 
            "version": "2.0.0", 
            "key": "cim_2.0.0", 
            "guid": "86f8ed20-80a8-40ce-9011-2f51cc1dfcf1", 
            "ontology_type": "SCHEMA", 
            "last_registered_version": null, 
            "description": ""
        }, 
        "model": "questionnaire.qontology", 
        "pk": 2
    }, 
    {
        "fields": {
            "is_registered": false, 
            "created": "2016-10-21T17:09:24.770Z", 
            "modified": "2016-10-21T17:09:24.770Z", 
            "name": "cim", 
            "version": "2.0.0", 
            "file": "questionnaire/categorizations/cim_2_categorization.xml", 
            "guid": "a550ce84-7fdf-4068-bf1c-4090cb749a5a", 
            "last_registered_version": null, 
            "description": ""
        }, 
        "model": "questionnaire.qcategorization", 
        "pk": 1
    }, 
    {
        "fields": {
            "is_registered": false, 
            "created": "2016-10-21T17:09:46.011Z", 
            "modified": "2016-10-21T17:09:46.011Z", 
            "name": "test_categorization", 
            "version": "1.0.0", 
            "file": "questionnaire/categorizations/categorization.xml", 
            "guid": "1ab4cc51-eacb-402f-813b-95bdb399c7da", 
            "last_registered_version": null, 
            "description": ""
        }, 
        "model": "questionnaire.qcategorization", 
        "pk": 2
    }, 
    {
        "fields": {
            "is_legacy": false, 
            "authenticated": true, 
            "description": "A test project.",
            "title": "Test Project", 
            "url": "", 
            "is_active": true, 
            "display_logo": false, 
            "is_displayed": true, 
            "logo": "", 
            "email": "allyn.treshansky@colorado.edu", 
            "name": "test_project"
        }, 
        "model": "questionnaire.qproject", 
        "pk": 1
    }, 
    {
        "fields": {
            "is_legacy": false, 
            "authenticated": true, 
            "description": "A test project.",
            "title": "CMIP6", 
            "url": "", 
            "is_active": true, 
            "display_logo": false, 
            "is_displayed": true, 
            "logo": "", 
            "email": "allyn.treshansky@colorado.edu", 
            "name": "cmip6"
        }, 
        "model": "questionnaire.qproject", 
        "pk": 2
    }, 
    {
        "fields": {
            "is_legacy": true, 
            "authenticated": true, 
            "description": "A test project.", 
            "title": "ESPS", 
            "url": "", 
            "is_active": true, 
            "display_logo": false, 
            "is_displayed": true, 
            "logo": "", 
            "email": "allyn.treshansky@colorado.edu", 
            "name": "esps"
        }, 
        "model": "questionnaire.qproject", 
        "pk": 3
    }, 
    {
        "fields": {
            "priority": 1, 
            "type": "CV_ADDED", 
            "description": "Added a CV"
        }, 
        "model": "questionnaire.qsynchronization", 
        "pk": 1
    }, 
    {
        "fields": {
            "priority": 2, 
            "type": "CV_REMOVED", 
            "description": "Removed CV"
        }, 
        "model": "questionnaire.qsynchronization", 
        "pk": 2
    }, 
    {
        "fields": {
            "priority": 3, 
            "type": "CV_CHANGED", 
            "description": "Changed CV"
        }, 
        "model": "questionnaire.qsynchronization", 
        "pk": 3
    }, 
    {
        "fields": {
            "priority": 4, 
            "type": "ONTOLOGY_ADDED", 
            "description": "Added Ontology"
        }, 
        "model": "questionnaire.qsynchronization", 
        "pk": 4
    }, 
    {
        "fields": {
            "priority": 5, 
            "type": "ONTOLOGY_REMOVED", 
            "description": "Removed Ontology"
        }, 
        "model": "questionnaire.qsynchronization", 
        "pk": 5
    }, 
    {
        "fields": {
            "priority": 6, 
            "type": "ONTOLOGY_CHANGED", 
            "description": "Changed Ontology"
        }, 
        "model": "questionnaire.qsynchronization", 
        "pk": 6
    }, 
    {
        "fields": {
            "priority": 7, 
            "type": "CUSTOMIZATION_ADDED", 
            "description": "Added Customization"
        }, 
        "model": "questionnaire.qsynchronization", 
        "pk": 7
    }, 
    {
        "fields": {
            "priority": 8, 
            "type": "CUSTOMIZATION_REMOVED", 
            "description": "Removed Customization"
        }, 
        "model": "questionnaire.qsynchronization", 
        "pk": 8
    }, 
    {
        "fields": {
            "priority": 9, 
            "type": "CUSTOMIZATION_CHANGED", 
            "description": "Changed Customization"
        }, 
        "model": "questionnaire.qsynchronization", 
        "pk": 9
    }
]
