[
    {
        "fields": {
            "username": "esdoc", 
            "first_name": "", 
            "last_name": "", 
            "is_active": true, 
            "is_superuser": true, 
            "is_staff": true, 
            "last_login": "2016-06-01T13:40:04.084Z", 
            "groups": [], 
            "user_permissions": [], 
            "password": "pbkdf2_sha256$20000$vu2IV6knqqTN$2z/vABmVNR1HKVCC+0Q3NEB7NxxAYrLfA4JOU3yUzE0=", 
            "email": "allyn.treshansky@noaa.gov", 
            "date_joined": "2016-05-09T12:47:21.066Z"
        }, 
        "model": "auth.user", 
        "pk": 1
    }, 
    {
        "fields": {
            "domain": "example.com", 
            "name": "example.com"
        }, 
        "model": "sites.site", 
        "pk": 1
    }, 
    {
        "fields": {
            "domain": "questionnaire.es-doc.org", 
            "name": "questionnaire.es-doc.org"
        }, 
        "model": "sites.site", 
        "pk": 2
    }, 
    {
        "fields": {
            "domain": "test.questionnaire.es-doc.org", 
            "name": "test.questionnaire.es-doc.org"
        }, 
        "model": "sites.site", 
        "pk": 3
    }, 
    {
        "fields": {
            "domain": "test.questionnaire.esdoc.webfactional.com", 
            "name": "test.questionnaire.esdoc.webfactional.com"
        }, 
        "model": "sites.site", 
        "pk": 4
    }, 
    {
        "fields": {
            "domain": "localhost:8000", 
            "name": "localhost"
        }, 
        "model": "sites.site", 
        "pk": 5
    }, 
    {
        "fields": {
            "domain": "localhost:8081", 
            "name": "test"
        }, 
        "model": "sites.site", 
        "pk": 6
    }, 
    {
        "fields": {
            "domain": "prod.questionnaire.esdoc.webfactional.com", 
            "name": "prod.questionnaire.esdoc.webfactional.com"
        }, 
        "model": "sites.site", 
        "pk": 7
    }, 
    {
        "fields": {
            "user": 1, 
            "projects": []
        }, 
        "model": "questionnaire.quserprofile", 
        "pk": 1
    }, 
    {
        "fields": {
            "type": "", 
            "site": 1
        }, 
        "model": "questionnaire.qsite", 
        "pk": 1
    }, 
    {
        "fields": {
            "type": "PROD", 
            "site": 2
        }, 
        "model": "questionnaire.qsite", 
        "pk": 2
    }, 
    {
        "fields": {
            "type": "DEV", 
            "site": 3
        }, 
        "model": "questionnaire.qsite", 
        "pk": 3
    }, 
    {
        "fields": {
            "type": "DEV", 
            "site": 4
        }, 
        "model": "questionnaire.qsite", 
        "pk": 4
    }, 
    {
        "fields": {
            "type": "LOCAL", 
            "site": 5
        }, 
        "model": "questionnaire.qsite", 
        "pk": 5
    }, 
    {
        "fields": {
            "type": "TEST", 
            "site": 6
        }, 
        "model": "questionnaire.qsite", 
        "pk": 6
    }, 
    {
        "fields": {
            "type": "PROD", 
            "site": 7
        }, 
        "model": "questionnaire.qsite", 
        "pk": 7
    }, 
    {
        "fields": {
            "file": "questionnaire/ontologies/ontology_schema.xml", 
            "categorization": 1, 
            "name": "test", 
            "created": "2016-05-09T12:49:11.600Z", 
            "url": "http://www.foo.com", 
            "modified": "2016-05-09T12:49:53.986Z", 
            "is_registered": true, 
            "version": "1.0.0", 
            "key": "test_1.0.0", 
            "guid": "c533864c-f537-47b8-821e-d30dbdf4764a", 
            "ontology_type": "SCHEMA", 
            "last_registered_version": "1.0.0", 
            "description": "This is a pretend CIM version used for testing purposes only. If you are seeing this in the production site, then something has gone horribly wrong."
        }, 
        "model": "questionnaire.qontology", 
        "pk": 1
    }, 
    {
        "fields": {
            "is_registered": true, 
            "created": "2016-05-09T12:49:35.504Z", 
            "modified": "2016-05-09T12:50:02.385Z", 
            "name": "test", 
            "version": "1.0.0", 
            "file": "questionnaire/categorizations/categorization.xml", 
            "guid": "cc0055f9-dbcb-4623-b40e-ea66a73156e7", 
            "last_registered_version": "1.0.0", 
            "description": "This is a pretend CIM categorization used for testing purposes only. If you are seeing this in the production site, then something has gone horribly wrong."
        }, 
        "model": "questionnaire.qcategorization", 
        "pk": 1
    }, 
    {
        "fields": {
            "authenticated": true, 
            "description": "A simple test project for development.", 
            "title": "test", 
            "url": "", 
            "is_active": true, 
            "display_logo": false, 
            "is_displayed": true, 
            "logo": "", 
            "email": "allyn.treshansky@noaa.gov", 
            "name": "testaroonie"
        }, 
        "model": "questionnaire.qproject", 
        "pk": 1
    }, 
    {
        "fields": {
            "project": 1, 
            "ontology": 1
        }, 
        "model": "questionnaire.qprojectontology", 
        "pk": 1
    }, 
    {
        "fields": {
            "priority": 1, 
            "type": "CV_ADDED", 
            "description": "Added a CV"
        }, 
        "model": "questionnaire.qsynchronization", 
        "pk": 1
    }, 
    {
        "fields": {
            "priority": 2, 
            "type": "CV_REMOVED", 
            "description": "Removed CV"
        }, 
        "model": "questionnaire.qsynchronization", 
        "pk": 2
    }, 
    {
        "fields": {
            "priority": 3, 
            "type": "CV_CHANGED", 
            "description": "Changed CV"
        }, 
        "model": "questionnaire.qsynchronization", 
        "pk": 3
    }, 
    {
        "fields": {
            "priority": 4, 
            "type": "ONTOLOGY_ADDED", 
            "description": "Added Ontology"
        }, 
        "model": "questionnaire.qsynchronization", 
        "pk": 4
    }, 
    {
        "fields": {
            "priority": 5, 
            "type": "ONTOLOGY_REMOVED", 
            "description": "Removed Ontology"
        }, 
        "model": "questionnaire.qsynchronization", 
        "pk": 5
    }, 
    {
        "fields": {
            "priority": 6, 
            "type": "ONTOLOGY_CHANGED", 
            "description": "Changed Ontology"
        }, 
        "model": "questionnaire.qsynchronization", 
        "pk": 6
    }, 
    {
        "fields": {
            "priority": 7, 
            "type": "CUSTOMIZATION_ADDED", 
            "description": "Added Customization"
        }, 
        "model": "questionnaire.qsynchronization", 
        "pk": 7
    }, 
    {
        "fields": {
            "priority": 8, 
            "type": "CUSTOMIZATION_REMOVED", 
            "description": "Removed Customization"
        }, 
        "model": "questionnaire.qsynchronization", 
        "pk": 8
    }, 
    {
        "fields": {
            "priority": 9, 
            "type": "CUSTOMIZATION_CHANGED", 
            "description": "Changed Customization"
        }, 
        "model": "questionnaire.qsynchronization", 
        "pk": 9
    }, 
    {
        "fields": {
            "guid": "83e8e133-579a-4db1-976f-0e23d52aca27", 
            "name": "model", 
            "stereotype": "document", 
            "created": "2016-05-09T12:49:53.440Z", 
            "documentation": "", 
            "modified": "2016-05-09T12:49:53.557Z", 
            "package": "science", 
            "is_specialized": false, 
            "ontology": 1, 
            "order": 1
        }, 
        "model": "questionnaire.qmodelproxy", 
        "pk": 1
    }, 
    {
        "fields": {
            "guid": "ac860935-437c-48ea-9287-c0dfa492f9e6", 
            "name": "recursive_thing", 
            "stereotype": null, 
            "created": "2016-05-09T12:49:53.572Z", 
            "documentation": "", 
            "modified": "2016-05-09T12:49:53.667Z", 
            "package": "shared", 
            "is_specialized": false, 
            "ontology": 1, 
            "order": 2
        }, 
        "model": "questionnaire.qmodelproxy", 
        "pk": 2
    }, 
    {
        "fields": {
            "guid": "f5d12ca2-ce70-4012-a972-20a6e09264cc", 
            "name": "other_thing_one", 
            "stereotype": null, 
            "created": "2016-05-09T12:49:53.681Z", 
            "documentation": "", 
            "modified": "2016-05-09T12:49:53.733Z", 
            "package": "shared", 
            "is_specialized": false, 
            "ontology": 1, 
            "order": 3
        }, 
        "model": "questionnaire.qmodelproxy", 
        "pk": 3
    }, 
    {
        "fields": {
            "guid": "325c845f-7343-4c0d-8e2c-4ed3836ea359", 
            "name": "other_thing_two", 
            "stereotype": null, 
            "created": "2016-05-09T12:49:53.749Z", 
            "documentation": "", 
            "modified": "2016-05-09T12:49:53.799Z", 
            "package": "shared", 
            "is_specialized": false, 
            "ontology": 1, 
            "order": 4
        }, 
        "model": "questionnaire.qmodelproxy", 
        "pk": 4
    }, 
    {
        "fields": {
            "categorization": 1, 
            "name": "Category One", 
            "created": "2016-05-09T12:50:02.105Z", 
            "documentation": "I am category one.", 
            "modified": "2016-05-09T12:50:02.176Z", 
            "is_specialized": false, 
            "guid": "d6539317-d097-43c1-a8a3-5f495915c4f7", 
            "order": 1
        }, 
        "model": "questionnaire.qcategoryproxy", 
        "pk": 1
    }, 
    {
        "fields": {
            "categorization": 1, 
            "name": "Category Two", 
            "created": "2016-05-09T12:50:02.191Z", 
            "documentation": "I am category two.", 
            "modified": "2016-05-09T12:50:02.253Z", 
            "is_specialized": false, 
            "guid": "11318722-e8ef-4f40-b358-4646deebd16e", 
            "order": 2
        }, 
        "model": "questionnaire.qcategoryproxy", 
        "pk": 2
    }, 
    {
        "fields": {
            "categorization": 1, 
            "name": "Category Three", 
            "created": "2016-05-09T12:50:02.268Z", 
            "documentation": "I am category three.", 
            "modified": "2016-05-09T12:50:02.319Z", 
            "is_specialized": false, 
            "guid": "9c41bc7e-8359-4239-bd93-3f47c5667a6f", 
            "order": 3
        }, 
        "model": "questionnaire.qcategoryproxy", 
        "pk": 3
    }, 
    {
        "fields": {
            "categorization": 1, 
            "name": "Uncategorized", 
            "created": "2016-05-09T12:50:02.334Z", 
            "documentation": "", 
            "modified": "2016-05-09T12:50:02.344Z", 
            "is_specialized": false, 
            "guid": "e8414fb2-33b1-4a25-b833-8482b8f32d5e", 
            "order": 4
        }, 
        "model": "questionnaire.qcategoryproxy", 
        "pk": 4
    }, 
    {
        "fields": {
            "category": 1, 
            "field_type": "ATOMIC", 
            "guid": "cf7d7d6d-c96e-4fcd-b372-6bf18844a0aa", 
            "documentation": "", 
            "name": "name", 
            "stereotype": null, 
            "relationship_target_models": [], 
            "created": "2016-05-09T12:49:53.486Z", 
            "modified": "2016-05-09T12:50:02.146Z", 
            "enumeration": null, 
            "model_proxy": 1, 
            "order": 1, 
            "is_specialized": false, 
            "is_nillable": true, 
            "enumeration_multi": false, 
            "enumeration_open": false, 
            "relationship_target_names": "", 
            "cardinality": "1|1", 
            "atomic_default": null, 
            "atomic_type": "DEFAULT"
        }, 
        "model": "questionnaire.qpropertyproxy", 
        "pk": 1
    }, 
    {
        "fields": {
            "category": 2, 
            "field_type": "ENUMERATION", 
            "guid": "2e878bcc-ede5-44f8-b0db-610f7d453d6d", 
            "documentation": "A test enumeration.", 
            "name": "enumeration", 
            "stereotype": null, 
            "relationship_target_models": [], 
            "created": "2016-05-09T12:49:53.517Z", 
            "modified": "2016-05-09T12:50:02.212Z", 
            "enumeration": "[{u'documentation': u'documentation for one.', u'order': 1, u'value': u'one', u'name': u'one'}, {u'documentation': u'documentation for two.', u'order': 2, u'value': u'two', u'name': u'two'}, {u'documentation': u'documentation for three.', u'order': 3, u'value': u'three', u'name': u'three'}]", 
            "model_proxy": 1, 
            "order": 2, 
            "is_specialized": false, 
            "is_nillable": true, 
            "enumeration_multi": false, 
            "enumeration_open": false, 
            "relationship_target_names": "", 
            "cardinality": "0|1", 
            "atomic_default": null, 
            "atomic_type": "DEFAULT"
        }, 
        "model": "questionnaire.qpropertyproxy", 
        "pk": 2
    }, 
    {
        "fields": {
            "category": 3, 
            "field_type": "RELATIONSHIP", 
            "guid": "2d3e395d-5680-45f4-959f-6a90bc4975f2", 
            "documentation": "A relationship property; there are lots of spaces in this documentation.", 
            "name": "thing", 
            "stereotype": null, 
            "relationship_target_models": [
                2
            ], 
            "created": "2016-05-09T12:49:53.539Z", 
            "modified": "2016-05-09T12:50:02.287Z", 
            "enumeration": null, 
            "model_proxy": 1, 
            "order": 3, 
            "is_specialized": false, 
            "is_nillable": true, 
            "enumeration_multi": false, 
            "enumeration_open": false, 
            "relationship_target_names": "shared.recursive_thing", 
            "cardinality": "0|1", 
            "atomic_default": null, 
            "atomic_type": "DEFAULT"
        }, 
        "model": "questionnaire.qpropertyproxy", 
        "pk": 3
    }, 
    {
        "fields": {
            "category": 1, 
            "field_type": "ATOMIC", 
            "guid": "d3b0a9af-7d22-4cb2-b113-ef7bfc15908e", 
            "documentation": "", 
            "name": "name", 
            "stereotype": null, 
            "relationship_target_models": [], 
            "created": "2016-05-09T12:49:53.597Z", 
            "modified": "2016-05-09T12:50:02.164Z", 
            "enumeration": null, 
            "model_proxy": 2, 
            "order": 1, 
            "is_specialized": false, 
            "is_nillable": true, 
            "enumeration_multi": false, 
            "enumeration_open": false, 
            "relationship_target_names": "", 
            "cardinality": "1|1", 
            "atomic_default": null, 
            "atomic_type": "DEFAULT"
        }, 
        "model": "questionnaire.qpropertyproxy", 
        "pk": 4
    }, 
    {
        "fields": {
            "category": 2, 
            "field_type": "RELATIONSHIP", 
            "guid": "0b986d9b-9202-46c7-bfcc-d5c48489cb0c", 
            "documentation": "", 
            "name": "child", 
            "stereotype": null, 
            "relationship_target_models": [
                2
            ], 
            "created": "2016-05-09T12:49:53.627Z", 
            "modified": "2016-05-09T12:50:02.242Z", 
            "enumeration": null, 
            "model_proxy": 2, 
            "order": 2, 
            "is_specialized": false, 
            "is_nillable": true, 
            "enumeration_multi": false, 
            "enumeration_open": false, 
            "relationship_target_names": "shared.recursive_thing", 
            "cardinality": "0|*", 
            "atomic_default": null, 
            "atomic_type": "DEFAULT"
        }, 
        "model": "questionnaire.qpropertyproxy", 
        "pk": 5
    }, 
    {
        "fields": {
            "category": 3, 
            "field_type": "RELATIONSHIP", 
            "guid": "1cc586f7-ff3f-41d7-9b18-0976c1f9803c", 
            "documentation": "", 
            "name": "multiple_targets", 
            "stereotype": null, 
            "relationship_target_models": [
                3, 
                4
            ], 
            "created": "2016-05-09T12:49:53.649Z", 
            "modified": "2016-05-09T12:50:02.307Z", 
            "enumeration": null, 
            "model_proxy": 2, 
            "order": 3, 
            "is_specialized": false, 
            "is_nillable": true, 
            "enumeration_multi": false, 
            "enumeration_open": false, 
            "relationship_target_names": "shared.other_thing_one|shared.other_thing_two", 
            "cardinality": "0|1", 
            "atomic_default": null, 
            "atomic_type": "DEFAULT"
        }, 
        "model": "questionnaire.qpropertyproxy", 
        "pk": 6
    }, 
    {
        "fields": {
            "category": 4, 
            "field_type": "ATOMIC", 
            "guid": "39a1a1b6-64bc-4d49-89ff-ae7fcf2a4d70", 
            "documentation": "", 
            "name": "name", 
            "stereotype": null, 
            "relationship_target_models": [], 
            "created": "2016-05-09T12:49:53.711Z", 
            "modified": "2016-05-09T12:50:02.374Z", 
            "enumeration": null, 
            "model_proxy": 3, 
            "order": 1, 
            "is_specialized": false, 
            "is_nillable": true, 
            "enumeration_multi": false, 
            "enumeration_open": false, 
            "relationship_target_names": "", 
            "cardinality": "1|1", 
            "atomic_default": null, 
            "atomic_type": "DEFAULT"
        }, 
        "model": "questionnaire.qpropertyproxy", 
        "pk": 7
    }, 
    {
        "fields": {
            "category": 4, 
            "field_type": "ATOMIC", 
            "guid": "96c60110-47d9-425a-9f69-99605c5af4a6", 
            "documentation": "", 
            "name": "name", 
            "stereotype": null, 
            "relationship_target_models": [], 
            "created": "2016-05-09T12:49:53.773Z", 
            "modified": "2016-05-09T12:50:02.359Z", 
            "enumeration": null, 
            "model_proxy": 4, 
            "order": 1, 
            "is_specialized": false, 
            "is_nillable": true, 
            "enumeration_multi": false, 
            "enumeration_open": false, 
            "relationship_target_names": "", 
            "cardinality": "1|1", 
            "atomic_default": null, 
            "atomic_type": "DEFAULT"
        }, 
        "model": "questionnaire.qpropertyproxy", 
        "pk": 8
    }, 
    {
        "fields": {
            "project": 1, 
            "ontology": 1, 
            "name": "blargle", 
            "created": "2016-05-09T12:51:34.696Z", 
            "description": "a simple test customization", 
            "model_title": "Model", 
            "modified": "2016-05-24T16:48:23.833Z", 
            "is_default": true, 
            "synchronization": [], 
            "proxy": 1, 
            "shared_owners": [], 
            "owner": 1, 
            "model_description": "I am a test description of a model", 
            "guid": "1d649699-e19a-4a4e-b96b-33b022e126af", 
            "order": null, 
            "relationship_source_property_customization": null, 
            "model_show_all_categories": false
        }, 
        "model": "questionnaire.qmodelcustomization", 
        "pk": 1
    }, 
    {
        "fields": {
            "project": 1, 
            "ontology": 1, 
            "name": "blargle", 
            "created": "2016-05-09T12:51:34.803Z", 
            "description": "", 
            "model_title": "Recursive Thing", 
            "modified": "2016-05-24T16:48:23.970Z", 
            "is_default": false, 
            "synchronization": [], 
            "proxy": 2, 
            "shared_owners": [], 
            "owner": 1, 
            "model_description": "I am a test description of a recursive thing", 
            "guid": "701dfe1a-3d1f-4763-a762-2e218c999c02", 
            "order": null, 
            "relationship_source_property_customization": 3, 
            "model_show_all_categories": false
        }, 
        "model": "questionnaire.qmodelcustomization", 
        "pk": 2
    }, 
    {
        "fields": {
            "project": 1, 
            "ontology": 1, 
            "name": "blargle", 
            "created": "2016-05-09T12:51:34.902Z", 
            "description": "", 
            "model_title": "Recursive Thing", 
            "modified": "2016-05-24T16:48:24.232Z", 
            "is_default": false, 
            "synchronization": [], 
            "proxy": 2, 
            "shared_owners": [], 
            "owner": 1, 
            "model_description": "", 
            "guid": "830bf692-a9a4-4528-a934-78047128572f", 
            "order": null, 
            "relationship_source_property_customization": 5, 
            "model_show_all_categories": false
        }, 
        "model": "questionnaire.qmodelcustomization", 
        "pk": 3
    }, 
    {
        "fields": {
            "project": 1, 
            "ontology": 1, 
            "name": "blargle", 
            "created": "2016-05-09T12:51:34.997Z", 
            "description": "", 
            "model_title": "Recursive Thing", 
            "modified": "2016-05-24T16:48:24.546Z", 
            "is_default": false, 
            "synchronization": [], 
            "proxy": 2, 
            "shared_owners": [], 
            "owner": 1, 
            "model_description": "", 
            "guid": "830bf692-a9a4-4528-a934-78047128572f", 
            "order": null, 
            "relationship_source_property_customization": 7, 
            "model_show_all_categories": false
        }, 
        "model": "questionnaire.qmodelcustomization", 
        "pk": 4
    }, 
    {
        "fields": {
            "project": 1, 
            "ontology": 1, 
            "name": "blargle", 
            "created": "2016-05-09T12:51:35.103Z", 
            "description": "", 
            "model_title": "Recursive Thing", 
            "modified": "2016-05-24T16:48:24.654Z", 
            "is_default": false, 
            "synchronization": [], 
            "proxy": 2, 
            "shared_owners": [], 
            "owner": 1, 
            "model_description": "", 
            "guid": "830bf692-a9a4-4528-a934-78047128572f", 
            "order": null, 
            "relationship_source_property_customization": 9, 
            "model_show_all_categories": false
        }, 
        "model": "questionnaire.qmodelcustomization", 
        "pk": 5
    }, 
    {
        "fields": {
            "project": 1, 
            "ontology": 1, 
            "name": "blargle", 
            "created": "2016-05-09T12:51:35.155Z", 
            "description": "", 
            "model_title": "Other Thing One", 
            "modified": "2016-05-24T16:48:24.694Z", 
            "is_default": false, 
            "synchronization": [], 
            "proxy": 3, 
            "shared_owners": [], 
            "owner": 1, 
            "model_description": "", 
            "guid": "a0bf47a1-9ef7-427d-b8bd-452b8031b377", 
            "order": null, 
            "relationship_source_property_customization": 10, 
            "model_show_all_categories": false
        }, 
        "model": "questionnaire.qmodelcustomization", 
        "pk": 6
    }, 
    {
        "fields": {
            "project": 1, 
            "ontology": 1, 
            "name": "blargle", 
            "created": "2016-05-09T12:51:35.242Z", 
            "description": "", 
            "model_title": "Other Thing Two", 
            "modified": "2016-05-24T16:48:24.782Z", 
            "is_default": false, 
            "synchronization": [], 
            "proxy": 4, 
            "shared_owners": [], 
            "owner": 1, 
            "model_description": "", 
            "guid": "811ce306-e41d-4141-bf9f-260226644ae2", 
            "order": null, 
            "relationship_source_property_customization": 10, 
            "model_show_all_categories": false
        }, 
        "model": "questionnaire.qmodelcustomization", 
        "pk": 7
    }, 
    {
        "fields": {
            "project": 1, 
            "ontology": 1, 
            "name": "blargle", 
            "created": "2016-05-09T12:51:35.394Z", 
            "description": "", 
            "model_title": "Other Thing One", 
            "modified": "2016-05-24T16:48:24.327Z", 
            "is_default": false, 
            "synchronization": [], 
            "proxy": 3, 
            "shared_owners": [], 
            "owner": 1, 
            "model_description": "", 
            "guid": "a0bf47a1-9ef7-427d-b8bd-452b8031b377", 
            "order": null, 
            "relationship_source_property_customization": 13, 
            "model_show_all_categories": false
        }, 
        "model": "questionnaire.qmodelcustomization", 
        "pk": 8
    }, 
    {
        "fields": {
            "project": 1, 
            "ontology": 1, 
            "name": "blargle", 
            "created": "2016-05-09T12:51:35.472Z", 
            "description": "", 
            "model_title": "Other Thing Two", 
            "modified": "2016-05-24T16:48:24.418Z", 
            "is_default": false, 
            "synchronization": [], 
            "proxy": 4, 
            "shared_owners": [], 
            "owner": 1, 
            "model_description": "", 
            "guid": "811ce306-e41d-4141-bf9f-260226644ae2", 
            "order": null, 
            "relationship_source_property_customization": 13, 
            "model_show_all_categories": false
        }, 
        "model": "questionnaire.qmodelcustomization", 
        "pk": 9
    }, 
    {
        "fields": {
            "project": 1, 
            "ontology": 1, 
            "name": "blargle", 
            "created": "2016-05-09T12:51:35.635Z", 
            "description": "", 
            "model_title": "Other Thing One", 
            "modified": "2016-05-24T16:48:24.057Z", 
            "is_default": false, 
            "synchronization": [], 
            "proxy": 3, 
            "shared_owners": [], 
            "owner": 1, 
            "model_description": "", 
            "guid": "a0bf47a1-9ef7-427d-b8bd-452b8031b377", 
            "order": null, 
            "relationship_source_property_customization": 16, 
            "model_show_all_categories": false
        }, 
        "model": "questionnaire.qmodelcustomization", 
        "pk": 10
    }, 
    {
        "fields": {
            "project": 1, 
            "ontology": 1, 
            "name": "blargle", 
            "created": "2016-05-09T12:51:35.727Z", 
            "description": "", 
            "model_title": "Other Thing Two", 
            "modified": "2016-05-24T16:48:24.131Z", 
            "is_default": false, 
            "synchronization": [], 
            "proxy": 4, 
            "shared_owners": [], 
            "owner": 1, 
            "model_description": "", 
            "guid": "811ce306-e41d-4141-bf9f-260226644ae2", 
            "order": null, 
            "relationship_source_property_customization": 16, 
            "model_show_all_categories": false
        }, 
        "model": "questionnaire.qmodelcustomization", 
        "pk": 11
    }, 
    {
        "fields": {
            "name": "blargle", 
            "created": "2016-05-09T12:51:34.716Z", 
            "documentation": "I am category one.", 
            "modified": "2016-05-24T16:48:23.881Z", 
            "category_title": "Category One", 
            "model_customization": 1, 
            "proxy": 1, 
            "guid": "9cbaac6d-46cd-40ba-b6c6-fa6cbfae8914", 
            "order": 1
        }, 
        "model": "questionnaire.qcategorycustomization", 
        "pk": 1
    }, 
    {
        "fields": {
            "name": "blargle", 
            "created": "2016-05-09T12:51:34.726Z", 
            "documentation": "I am category two.", 
            "modified": "2016-05-24T16:48:23.890Z", 
            "category_title": "Category Two", 
            "model_customization": 1, 
            "proxy": 2, 
            "guid": "9a29b6f4-17bd-4a1f-b319-ece4fd949ccc", 
            "order": 2
        }, 
        "model": "questionnaire.qcategorycustomization", 
        "pk": 2
    }, 
    {
        "fields": {
            "name": "blargle", 
            "created": "2016-05-09T12:51:34.737Z", 
            "documentation": "I am category three.", 
            "modified": "2016-05-24T16:48:23.901Z", 
            "category_title": "Category Three", 
            "model_customization": 1, 
            "proxy": 3, 
            "guid": "f1b15a86-b2d4-401c-aedf-1069ccf6c02d", 
            "order": 3
        }, 
        "model": "questionnaire.qcategorycustomization", 
        "pk": 3
    }, 
    {
        "fields": {
            "name": "blargle", 
            "created": "2016-05-09T12:51:34.748Z", 
            "documentation": "", 
            "modified": "2016-05-24T16:48:23.913Z", 
            "category_title": "Uncategorized", 
            "model_customization": 1, 
            "proxy": 4, 
            "guid": "bc01f6f2-1706-4607-af06-9aad900a3b0c", 
            "order": 4
        }, 
        "model": "questionnaire.qcategorycustomization", 
        "pk": 4
    }, 
    {
        "fields": {
            "name": "blargle", 
            "created": "2016-05-09T12:51:34.816Z", 
            "documentation": "I am category one.", 
            "modified": "2016-05-24T16:48:23.989Z", 
            "category_title": "Category One", 
            "model_customization": 2, 
            "proxy": 1, 
            "guid": "e3761e8a-92dd-4077-bca1-f4f81ed8fa93", 
            "order": 1
        }, 
        "model": "questionnaire.qcategorycustomization", 
        "pk": 5
    }, 
    {
        "fields": {
            "name": "blargle", 
            "created": "2016-05-09T12:51:34.825Z", 
            "documentation": "I am category two.", 
            "modified": "2016-05-24T16:48:24.000Z", 
            "category_title": "Category Two", 
            "model_customization": 2, 
            "proxy": 2, 
            "guid": "38dc853b-928a-456d-9c2d-f7c3ba3fd98a", 
            "order": 2
        }, 
        "model": "questionnaire.qcategorycustomization", 
        "pk": 6
    }, 
    {
        "fields": {
            "name": "blargle", 
            "created": "2016-05-09T12:51:34.836Z", 
            "documentation": "I am category three.", 
            "modified": "2016-05-24T16:48:24.011Z", 
            "category_title": "Category Three", 
            "model_customization": 2, 
            "proxy": 3, 
            "guid": "c5b851b4-9609-46e6-a5e8-87ecd4f62346", 
            "order": 3
        }, 
        "model": "questionnaire.qcategorycustomization", 
        "pk": 7
    }, 
    {
        "fields": {
            "name": "blargle", 
            "created": "2016-05-09T12:51:34.847Z", 
            "documentation": "", 
            "modified": "2016-05-24T16:48:23.981Z", 
            "category_title": "Uncategorized", 
            "model_customization": 2, 
            "proxy": 4, 
            "guid": "0b6d3f40-7442-4cca-9c8c-333085f0c426", 
            "order": 4
        }, 
        "model": "questionnaire.qcategorycustomization", 
        "pk": 8
    }, 
    {
        "fields": {
            "name": "blargle", 
            "created": "2016-05-09T12:51:34.915Z", 
            "documentation": "I am category one.", 
            "modified": "2016-05-24T16:48:24.246Z", 
            "category_title": "Category One", 
            "model_customization": 3, 
            "proxy": 1, 
            "guid": "9b7f69d2-3417-4ca9-b57f-fa64b8832fe1", 
            "order": 1
        }, 
        "model": "questionnaire.qcategorycustomization", 
        "pk": 9
    }, 
    {
        "fields": {
            "name": "blargle", 
            "created": "2016-05-09T12:51:34.925Z", 
            "documentation": "I am category two.", 
            "modified": "2016-05-24T16:48:24.253Z", 
            "category_title": "Category Two", 
            "model_customization": 3, 
            "proxy": 2, 
            "guid": "bae15822-7eef-4f2b-90b7-8a118f90ab1e", 
            "order": 2
        }, 
        "model": "questionnaire.qcategorycustomization", 
        "pk": 10
    }, 
    {
        "fields": {
            "name": "blargle", 
            "created": "2016-05-09T12:51:34.935Z", 
            "documentation": "I am category three.", 
            "modified": "2016-05-24T16:48:24.264Z", 
            "category_title": "Category Three", 
            "model_customization": 3, 
            "proxy": 3, 
            "guid": "c5d78cf0-870f-4cb6-a7aa-026ca9c892a2", 
            "order": 3
        }, 
        "model": "questionnaire.qcategorycustomization", 
        "pk": 11
    }, 
    {
        "fields": {
            "name": "blargle", 
            "created": "2016-05-09T12:51:34.946Z", 
            "documentation": "", 
            "modified": "2016-05-24T16:48:24.275Z", 
            "category_title": "Uncategorized", 
            "model_customization": 3, 
            "proxy": 4, 
            "guid": "483d6b23-98d4-4b00-a6a9-272b3c331778", 
            "order": 4
        }, 
        "model": "questionnaire.qcategorycustomization", 
        "pk": 12
    }, 
    {
        "fields": {
            "name": "blargle", 
            "created": "2016-05-09T12:51:35.014Z", 
            "documentation": "I am category one.", 
            "modified": "2016-05-24T16:48:24.572Z", 
            "category_title": "Category One", 
            "model_customization": 4, 
            "proxy": 1, 
            "guid": "9b7f69d2-3417-4ca9-b57f-fa64b8832fe1", 
            "order": 1
        }, 
        "model": "questionnaire.qcategorycustomization", 
        "pk": 13
    }, 
    {
        "fields": {
            "name": "blargle", 
            "created": "2016-05-09T12:51:35.023Z", 
            "documentation": "I am category two.", 
            "modified": "2016-05-24T16:48:24.582Z", 
            "category_title": "Category Two", 
            "model_customization": 4, 
            "proxy": 2, 
            "guid": "bae15822-7eef-4f2b-90b7-8a118f90ab1e", 
            "order": 2
        }, 
        "model": "questionnaire.qcategorycustomization", 
        "pk": 14
    }, 
    {
        "fields": {
            "name": "blargle", 
            "created": "2016-05-09T12:51:35.035Z", 
            "documentation": "I am category three.", 
            "modified": "2016-05-24T16:48:24.593Z", 
            "category_title": "Category Three", 
            "model_customization": 4, 
            "proxy": 3, 
            "guid": "c5d78cf0-870f-4cb6-a7aa-026ca9c892a2", 
            "order": 3
        }, 
        "model": "questionnaire.qcategorycustomization", 
        "pk": 15
    }, 
    {
        "fields": {
            "name": "blargle", 
            "created": "2016-05-09T12:51:35.045Z", 
            "documentation": "", 
            "modified": "2016-05-24T16:48:24.565Z", 
            "category_title": "Uncategorized", 
            "model_customization": 4, 
            "proxy": 4, 
            "guid": "483d6b23-98d4-4b00-a6a9-272b3c331778", 
            "order": 4
        }, 
        "model": "questionnaire.qcategorycustomization", 
        "pk": 16
    }, 
    {
        "fields": {
            "name": "blargle", 
            "created": "2016-05-09T12:51:35.170Z", 
            "documentation": "I am category one.", 
            "modified": "2016-05-24T16:48:24.707Z", 
            "category_title": "Category One", 
            "model_customization": 6, 
            "proxy": 1, 
            "guid": "230d8407-26fc-4c6d-b12a-9d4c7b795471", 
            "order": 1
        }, 
        "model": "questionnaire.qcategorycustomization", 
        "pk": 17
    }, 
    {
        "fields": {
            "name": "blargle", 
            "created": "2016-05-09T12:51:35.177Z", 
            "documentation": "I am category two.", 
            "modified": "2016-05-24T16:48:24.714Z", 
            "category_title": "Category Two", 
            "model_customization": 6, 
            "proxy": 2, 
            "guid": "29a7966c-735f-4344-9f69-3e7a1d0f2e98", 
            "order": 2
        }, 
        "model": "questionnaire.qcategorycustomization", 
        "pk": 18
    }, 
    {
        "fields": {
            "name": "blargle", 
            "created": "2016-05-09T12:51:35.189Z", 
            "documentation": "I am category three.", 
            "modified": "2016-05-24T16:48:24.725Z", 
            "category_title": "Category Three", 
            "model_customization": 6, 
            "proxy": 3, 
            "guid": "8e6d7c1b-6861-4dcb-a464-13692f7f9545", 
            "order": 3
        }, 
        "model": "questionnaire.qcategorycustomization", 
        "pk": 19
    }, 
    {
        "fields": {
            "name": "blargle", 
            "created": "2016-05-09T12:51:35.199Z", 
            "documentation": "", 
            "modified": "2016-05-24T16:48:24.736Z", 
            "category_title": "Uncategorized", 
            "model_customization": 6, 
            "proxy": 4, 
            "guid": "487b2f35-d42c-4bbf-aa3e-0ab63152a19f", 
            "order": 4
        }, 
        "model": "questionnaire.qcategorycustomization", 
        "pk": 20
    }, 
    {
        "fields": {
            "name": "blargle", 
            "created": "2016-05-09T12:51:35.259Z", 
            "documentation": "I am category one.", 
            "modified": "2016-05-24T16:48:24.802Z", 
            "category_title": "Category One", 
            "model_customization": 7, 
            "proxy": 1, 
            "guid": "8c45e54d-9705-42cf-86ca-147525cf5c2f", 
            "order": 1
        }, 
        "model": "questionnaire.qcategorycustomization", 
        "pk": 21
    }, 
    {
        "fields": {
            "name": "blargle", 
            "created": "2016-05-09T12:51:35.266Z", 
            "documentation": "I am category two.", 
            "modified": "2016-05-24T16:48:24.813Z", 
            "category_title": "Category Two", 
            "model_customization": 7, 
            "proxy": 2, 
            "guid": "7205656e-7ccb-47d9-b918-8f282a5f363d", 
            "order": 2
        }, 
        "model": "questionnaire.qcategorycustomization", 
        "pk": 22
    }, 
    {
        "fields": {
            "name": "blargle", 
            "created": "2016-05-09T12:51:35.276Z", 
            "documentation": "I am category three.", 
            "modified": "2016-05-24T16:48:24.824Z", 
            "category_title": "Category Three", 
            "model_customization": 7, 
            "proxy": 3, 
            "guid": "691f3561-67e1-4402-bcbe-026fb24ab95f", 
            "order": 3
        }, 
        "model": "questionnaire.qcategorycustomization", 
        "pk": 23
    }, 
    {
        "fields": {
            "name": "blargle", 
            "created": "2016-05-09T12:51:35.287Z", 
            "documentation": "", 
            "modified": "2016-05-24T16:48:24.795Z", 
            "category_title": "Uncategorized", 
            "model_customization": 7, 
            "proxy": 4, 
            "guid": "d02a7aa8-f090-477b-bce6-2f29c4ffc1fd", 
            "order": 4
        }, 
        "model": "questionnaire.qcategorycustomization", 
        "pk": 24
    }, 
    {
        "fields": {
            "name": "blargle", 
            "created": "2016-05-09T12:51:35.410Z", 
            "documentation": "I am category one.", 
            "modified": "2016-05-24T16:48:24.345Z", 
            "category_title": "Category One", 
            "model_customization": 8, 
            "proxy": 1, 
            "guid": "230d8407-26fc-4c6d-b12a-9d4c7b795471", 
            "order": 1
        }, 
        "model": "questionnaire.qcategorycustomization", 
        "pk": 25
    }, 
    {
        "fields": {
            "name": "blargle", 
            "created": "2016-05-09T12:51:35.419Z", 
            "documentation": "I am category two.", 
            "modified": "2016-05-24T16:48:24.352Z", 
            "category_title": "Category Two", 
            "model_customization": 8, 
            "proxy": 2, 
            "guid": "29a7966c-735f-4344-9f69-3e7a1d0f2e98", 
            "order": 2
        }, 
        "model": "questionnaire.qcategorycustomization", 
        "pk": 26
    }, 
    {
        "fields": {
            "name": "blargle", 
            "created": "2016-05-09T12:51:35.430Z", 
            "documentation": "I am category three.", 
            "modified": "2016-05-24T16:48:24.363Z", 
            "category_title": "Category Three", 
            "model_customization": 8, 
            "proxy": 3, 
            "guid": "8e6d7c1b-6861-4dcb-a464-13692f7f9545", 
            "order": 3
        }, 
        "model": "questionnaire.qcategorycustomization", 
        "pk": 27
    }, 
    {
        "fields": {
            "name": "blargle", 
            "created": "2016-05-09T12:51:35.441Z", 
            "documentation": "", 
            "modified": "2016-05-24T16:48:24.374Z", 
            "category_title": "Uncategorized", 
            "model_customization": 8, 
            "proxy": 4, 
            "guid": "487b2f35-d42c-4bbf-aa3e-0ab63152a19f", 
            "order": 4
        }, 
        "model": "questionnaire.qcategorycustomization", 
        "pk": 28
    }, 
    {
        "fields": {
            "name": "blargle", 
            "created": "2016-05-09T12:51:35.487Z", 
            "documentation": "I am category one.", 
            "modified": "2016-05-24T16:48:24.450Z", 
            "category_title": "Category One", 
            "model_customization": 9, 
            "proxy": 1, 
            "guid": "8c45e54d-9705-42cf-86ca-147525cf5c2f", 
            "order": 1
        }, 
        "model": "questionnaire.qcategorycustomization", 
        "pk": 29
    }, 
    {
        "fields": {
            "name": "blargle", 
            "created": "2016-05-09T12:51:35.496Z", 
            "documentation": "I am category two.", 
            "modified": "2016-05-24T16:48:24.462Z", 
            "category_title": "Category Two", 
            "model_customization": 9, 
            "proxy": 2, 
            "guid": "7205656e-7ccb-47d9-b918-8f282a5f363d", 
            "order": 2
        }, 
        "model": "questionnaire.qcategorycustomization", 
        "pk": 30
    }, 
    {
        "fields": {
            "name": "blargle", 
            "created": "2016-05-09T12:51:35.510Z", 
            "documentation": "I am category three.", 
            "modified": "2016-05-24T16:48:24.472Z", 
            "category_title": "Category Three", 
            "model_customization": 9, 
            "proxy": 3, 
            "guid": "691f3561-67e1-4402-bcbe-026fb24ab95f", 
            "order": 3
        }, 
        "model": "questionnaire.qcategorycustomization", 
        "pk": 31
    }, 
    {
        "fields": {
            "name": "blargle", 
            "created": "2016-05-09T12:51:35.519Z", 
            "documentation": "", 
            "modified": "2016-05-24T16:48:24.436Z", 
            "category_title": "Uncategorized", 
            "model_customization": 9, 
            "proxy": 4, 
            "guid": "d02a7aa8-f090-477b-bce6-2f29c4ffc1fd", 
            "order": 4
        }, 
        "model": "questionnaire.qcategorycustomization", 
        "pk": 32
    }, 
    {
        "fields": {
            "name": "blargle", 
            "created": "2016-05-09T12:51:35.652Z", 
            "documentation": "I am category one.", 
            "modified": "2016-05-24T16:48:24.070Z", 
            "category_title": "Category One", 
            "model_customization": 10, 
            "proxy": 1, 
            "guid": "230d8407-26fc-4c6d-b12a-9d4c7b795471", 
            "order": 1
        }, 
        "model": "questionnaire.qcategorycustomization", 
        "pk": 33
    }, 
    {
        "fields": {
            "name": "blargle", 
            "created": "2016-05-09T12:51:35.661Z", 
            "documentation": "I am category two.", 
            "modified": "2016-05-24T16:48:24.076Z", 
            "category_title": "Category Two", 
            "model_customization": 10, 
            "proxy": 2, 
            "guid": "29a7966c-735f-4344-9f69-3e7a1d0f2e98", 
            "order": 2
        }, 
        "model": "questionnaire.qcategorycustomization", 
        "pk": 34
    }, 
    {
        "fields": {
            "name": "blargle", 
            "created": "2016-05-09T12:51:35.672Z", 
            "documentation": "I am category three.", 
            "modified": "2016-05-24T16:48:24.088Z", 
            "category_title": "Category Three", 
            "model_customization": 10, 
            "proxy": 3, 
            "guid": "8e6d7c1b-6861-4dcb-a464-13692f7f9545", 
            "order": 3
        }, 
        "model": "questionnaire.qcategorycustomization", 
        "pk": 35
    }, 
    {
        "fields": {
            "name": "blargle", 
            "created": "2016-05-09T12:51:35.683Z", 
            "documentation": "", 
            "modified": "2016-05-24T16:48:24.099Z", 
            "category_title": "Uncategorized", 
            "model_customization": 10, 
            "proxy": 4, 
            "guid": "487b2f35-d42c-4bbf-aa3e-0ab63152a19f", 
            "order": 4
        }, 
        "model": "questionnaire.qcategorycustomization", 
        "pk": 36
    }, 
    {
        "fields": {
            "name": "blargle", 
            "created": "2016-05-09T12:51:35.740Z", 
            "documentation": "I am category one.", 
            "modified": "2016-05-24T16:48:24.153Z", 
            "category_title": "Category One", 
            "model_customization": 11, 
            "proxy": 1, 
            "guid": "8c45e54d-9705-42cf-86ca-147525cf5c2f", 
            "order": 1
        }, 
        "model": "questionnaire.qcategorycustomization", 
        "pk": 37
    }, 
    {
        "fields": {
            "name": "blargle", 
            "created": "2016-05-09T12:51:35.749Z", 
            "documentation": "I am category two.", 
            "modified": "2016-05-24T16:48:24.165Z", 
            "category_title": "Category Two", 
            "model_customization": 11, 
            "proxy": 2, 
            "guid": "7205656e-7ccb-47d9-b918-8f282a5f363d", 
            "order": 2
        }, 
        "model": "questionnaire.qcategorycustomization", 
        "pk": 38
    }, 
    {
        "fields": {
            "name": "blargle", 
            "created": "2016-05-09T12:51:35.761Z", 
            "documentation": "I am category three.", 
            "modified": "2016-05-24T16:48:24.176Z", 
            "category_title": "Category Three", 
            "model_customization": 11, 
            "proxy": 3, 
            "guid": "691f3561-67e1-4402-bcbe-026fb24ab95f", 
            "order": 3
        }, 
        "model": "questionnaire.qcategorycustomization", 
        "pk": 39
    }, 
    {
        "fields": {
            "name": "blargle", 
            "created": "2016-05-09T12:51:35.771Z", 
            "documentation": "", 
            "modified": "2016-05-24T16:48:24.146Z", 
            "category_title": "Uncategorized", 
            "model_customization": 11, 
            "proxy": 4, 
            "guid": "d02a7aa8-f090-477b-bce6-2f29c4ffc1fd", 
            "order": 4
        }, 
        "model": "questionnaire.qcategorycustomization", 
        "pk": 40
    }, 
    {
        "fields": {
            "category": 1, 
            "field_type": "ATOMIC", 
            "property_title": "Name", 
            "is_nillable": true, 
            "name": "blargle", 
            "created": "2016-05-09T12:51:34.762Z", 
            "documentation": "", 
            "guid": "dffe4e40-3926-45a1-9dd5-b60b74f9f448", 
            "modified": "2016-05-24T16:48:23.926Z", 
            "relationship_show_subform": false, 
            "order": 1, 
            "is_editable": true, 
            "inline_help": false, 
            "model_customization": 1, 
            "proxy": 1, 
            "enumeration_open": false, 
            "is_hidden": false, 
            "is_required": true, 
            "atomic_default": null, 
            "atomic_type": "DEFAULT", 
            "atomic_suggestions": ""
        }, 
        "model": "questionnaire.qpropertycustomization", 
        "pk": 1
    }, 
    {
        "fields": {
            "category": 2, 
            "field_type": "ENUMERATION", 
            "property_title": "Enumeration", 
            "is_nillable": true, 
            "name": "blargle", 
            "created": "2016-05-09T12:51:34.772Z", 
            "documentation": "A test enumeration.", 
            "guid": "86094f22-bed1-4417-9cf4-a614c48cb932", 
            "modified": "2016-05-24T16:48:23.934Z", 
            "relationship_show_subform": false, 
            "order": 2, 
            "is_editable": true, 
            "inline_help": false, 
            "model_customization": 1, 
            "proxy": 2, 
            "enumeration_open": true, 
            "is_hidden": false, 
            "is_required": false, 
            "atomic_default": null, 
            "atomic_type": "DEFAULT", 
            "atomic_suggestions": null
        }, 
        "model": "questionnaire.qpropertycustomization", 
        "pk": 2
    }, 
    {
        "fields": {
            "category": 3, 
            "field_type": "RELATIONSHIP", 
            "property_title": "Thing", 
            "is_nillable": true, 
            "name": "blargle", 
            "created": "2016-05-09T12:51:34.783Z", 
            "documentation": "A relationship property; there are lots of spaces in this documentation.", 
            "guid": "68f7f5ec-2d69-4fb8-9862-169bd4c8c303", 
            "modified": "2016-05-24T16:48:23.945Z", 
            "relationship_show_subform": true, 
            "order": 3, 
            "is_editable": true, 
            "inline_help": false, 
            "model_customization": 1, 
            "proxy": 3, 
            "enumeration_open": false, 
            "is_hidden": false, 
            "is_required": false, 
            "atomic_default": null, 
            "atomic_type": "DEFAULT", 
            "atomic_suggestions": null
        }, 
        "model": "questionnaire.qpropertycustomization", 
        "pk": 3
    }, 
    {
        "fields": {
            "category": 5, 
            "field_type": "ATOMIC", 
            "property_title": "Name", 
            "is_nillable": true, 
            "name": "blargle", 
            "created": "2016-05-09T12:51:34.865Z", 
            "documentation": "", 
            "guid": "a51cccc6-be42-499c-86fc-7dbb61e9039e", 
            "modified": "2016-05-24T16:48:24.198Z", 
            "relationship_show_subform": false, 
            "order": 1, 
            "is_editable": true, 
            "inline_help": false, 
            "model_customization": 2, 
            "proxy": 4, 
            "enumeration_open": false, 
            "is_hidden": false, 
            "is_required": true, 
            "atomic_default": null, 
            "atomic_type": "DEFAULT", 
            "atomic_suggestions": ""
        }, 
        "model": "questionnaire.qpropertycustomization", 
        "pk": 4
    }, 
    {
        "fields": {
            "category": 6, 
            "field_type": "RELATIONSHIP", 
            "property_title": "Child", 
            "is_nillable": true, 
            "name": "blargle", 
            "created": "2016-05-09T12:51:34.883Z", 
            "documentation": "", 
            "guid": "6bf27c77-7bc2-46c7-bff9-8ec6c9afbe43", 
            "modified": "2016-05-24T16:48:24.209Z", 
            "relationship_show_subform": true, 
            "order": 2, 
            "is_editable": true, 
            "inline_help": false, 
            "model_customization": 2, 
            "proxy": 5, 
            "enumeration_open": false, 
            "is_hidden": false, 
            "is_required": false, 
            "atomic_default": null, 
            "atomic_type": "DEFAULT", 
            "atomic_suggestions": null
        }, 
        "model": "questionnaire.qpropertycustomization", 
        "pk": 5
    }, 
    {
        "fields": {
            "category": 9, 
            "field_type": "ATOMIC", 
            "property_title": "Name", 
            "is_nillable": true, 
            "name": "blargle", 
            "created": "2016-05-09T12:51:34.964Z", 
            "documentation": "", 
            "guid": "d74df566-641f-479b-8b2e-c8fe23eb33ed", 
            "modified": "2016-05-24T16:48:24.506Z", 
            "relationship_show_subform": false, 
            "order": 1, 
            "is_editable": true, 
            "inline_help": false, 
            "model_customization": 3, 
            "proxy": 4, 
            "enumeration_open": false, 
            "is_hidden": false, 
            "is_required": true, 
            "atomic_default": null, 
            "atomic_type": "DEFAULT", 
            "atomic_suggestions": ""
        }, 
        "model": "questionnaire.qpropertycustomization", 
        "pk": 6
    }, 
    {
        "fields": {
            "category": 10, 
            "field_type": "RELATIONSHIP", 
            "property_title": "Child", 
            "is_nillable": true, 
            "name": "blargle", 
            "created": "2016-05-09T12:51:34.981Z", 
            "documentation": "", 
            "guid": "4c2f52af-d613-4af8-a28e-24bce70f5094", 
            "modified": "2016-05-24T16:48:24.517Z", 
            "relationship_show_subform": true, 
            "order": 2, 
            "is_editable": true, 
            "inline_help": false, 
            "model_customization": 3, 
            "proxy": 5, 
            "enumeration_open": false, 
            "is_hidden": false, 
            "is_required": false, 
            "atomic_default": null, 
            "atomic_type": "DEFAULT", 
            "atomic_suggestions": null
        }, 
        "model": "questionnaire.qpropertycustomization", 
        "pk": 7
    }, 
    {
        "fields": {
            "category": 9, 
            "field_type": "ATOMIC", 
            "property_title": "Name", 
            "is_nillable": true, 
            "name": "blargle", 
            "created": "2016-05-09T12:51:35.068Z", 
            "documentation": "", 
            "guid": "d74df566-641f-479b-8b2e-c8fe23eb33ed", 
            "modified": "2016-05-24T16:48:24.616Z", 
            "relationship_show_subform": false, 
            "order": 1, 
            "is_editable": true, 
            "inline_help": false, 
            "model_customization": 4, 
            "proxy": 4, 
            "enumeration_open": false, 
            "is_hidden": false, 
            "is_required": true, 
            "atomic_default": null, 
            "atomic_type": "DEFAULT", 
            "atomic_suggestions": ""
        }, 
        "model": "questionnaire.qpropertycustomization", 
        "pk": 8
    }, 
    {
        "fields": {
            "category": 10, 
            "field_type": "RELATIONSHIP", 
            "property_title": "Child", 
            "is_nillable": true, 
            "name": "blargle", 
            "created": "2016-05-09T12:51:35.082Z", 
            "documentation": "", 
            "guid": "4c2f52af-d613-4af8-a28e-24bce70f5094", 
            "modified": "2016-05-24T16:48:24.627Z", 
            "relationship_show_subform": true, 
            "order": 2, 
            "is_editable": true, 
            "inline_help": false, 
            "model_customization": 4, 
            "proxy": 5, 
            "enumeration_open": false, 
            "is_hidden": false, 
            "is_required": false, 
            "atomic_default": null, 
            "atomic_type": "DEFAULT", 
            "atomic_suggestions": null
        }, 
        "model": "questionnaire.qpropertycustomization", 
        "pk": 9
    }, 
    {
        "fields": {
            "category": 11, 
            "field_type": "RELATIONSHIP", 
            "property_title": "Multiple Targets", 
            "is_nillable": true, 
            "name": "blargle", 
            "created": "2016-05-09T12:51:35.136Z", 
            "documentation": "", 
            "guid": "6e4b6fb1-40c0-40d9-9af1-089384df316b", 
            "modified": "2016-05-24T16:48:24.674Z", 
            "relationship_show_subform": true, 
            "order": 3, 
            "is_editable": true, 
            "inline_help": false, 
            "model_customization": 4, 
            "proxy": 6, 
            "enumeration_open": false, 
            "is_hidden": false, 
            "is_required": false, 
            "atomic_default": null, 
            "atomic_type": "DEFAULT", 
            "atomic_suggestions": null
        }, 
        "model": "questionnaire.qpropertycustomization", 
        "pk": 10
    }, 
    {
        "fields": {
            "category": 20, 
            "field_type": "ATOMIC", 
            "property_title": "Name", 
            "is_nillable": true, 
            "name": "blargle", 
            "created": "2016-05-09T12:51:35.217Z", 
            "documentation": "", 
            "guid": "e6d5f1b4-307e-48df-81cc-001804354202", 
            "modified": "2016-05-24T16:48:24.758Z", 
            "relationship_show_subform": false, 
            "order": 1, 
            "is_editable": true, 
            "inline_help": false, 
            "model_customization": 6, 
            "proxy": 7, 
            "enumeration_open": false, 
            "is_hidden": false, 
            "is_required": true, 
            "atomic_default": null, 
            "atomic_type": "DEFAULT", 
            "atomic_suggestions": ""
        }, 
        "model": "questionnaire.qpropertycustomization", 
        "pk": 11
    }, 
    {
        "fields": {
            "category": 24, 
            "field_type": "ATOMIC", 
            "property_title": "Name", 
            "is_nillable": true, 
            "name": "blargle", 
            "created": "2016-05-09T12:51:35.303Z", 
            "documentation": "", 
            "guid": "14aa9f62-eeb3-4e8d-8de8-8e5b0ddbbf49", 
            "modified": "2016-05-24T16:48:24.840Z", 
            "relationship_show_subform": false, 
            "order": 1, 
            "is_editable": true, 
            "inline_help": false, 
            "model_customization": 7, 
            "proxy": 8, 
            "enumeration_open": false, 
            "is_hidden": false, 
            "is_required": true, 
            "atomic_default": null, 
            "atomic_type": "DEFAULT", 
            "atomic_suggestions": ""
        }, 
        "model": "questionnaire.qpropertycustomization", 
        "pk": 12
    }, 
    {
        "fields": {
            "category": 11, 
            "field_type": "RELATIONSHIP", 
            "property_title": "Multiple Targets", 
            "is_nillable": true, 
            "name": "blargle", 
            "created": "2016-05-09T12:51:35.378Z", 
            "documentation": "", 
            "guid": "6e4b6fb1-40c0-40d9-9af1-089384df316b", 
            "modified": "2016-05-24T16:48:24.292Z", 
            "relationship_show_subform": true, 
            "order": 3, 
            "is_editable": true, 
            "inline_help": false, 
            "model_customization": 3, 
            "proxy": 6, 
            "enumeration_open": false, 
            "is_hidden": false, 
            "is_required": false, 
            "atomic_default": null, 
            "atomic_type": "DEFAULT", 
            "atomic_suggestions": null
        }, 
        "model": "questionnaire.qpropertycustomization", 
        "pk": 13
    }, 
    {
        "fields": {
            "category": 20, 
            "field_type": "ATOMIC", 
            "property_title": "Name", 
            "is_nillable": true, 
            "name": "blargle", 
            "created": "2016-05-09T12:51:35.458Z", 
            "documentation": "", 
            "guid": "e6d5f1b4-307e-48df-81cc-001804354202", 
            "modified": "2016-05-24T16:48:24.391Z", 
            "relationship_show_subform": false, 
            "order": 1, 
            "is_editable": true, 
            "inline_help": false, 
            "model_customization": 8, 
            "proxy": 7, 
            "enumeration_open": false, 
            "is_hidden": false, 
            "is_required": true, 
            "atomic_default": null, 
            "atomic_type": "DEFAULT", 
            "atomic_suggestions": ""
        }, 
        "model": "questionnaire.qpropertycustomization", 
        "pk": 14
    }, 
    {
        "fields": {
            "category": 24, 
            "field_type": "ATOMIC", 
            "property_title": "Name", 
            "is_nillable": true, 
            "name": "blargle", 
            "created": "2016-05-09T12:51:35.540Z", 
            "documentation": "", 
            "guid": "14aa9f62-eeb3-4e8d-8de8-8e5b0ddbbf49", 
            "modified": "2016-05-24T16:48:24.490Z", 
            "relationship_show_subform": false, 
            "order": 1, 
            "is_editable": true, 
            "inline_help": false, 
            "model_customization": 9, 
            "proxy": 8, 
            "enumeration_open": false, 
            "is_hidden": false, 
            "is_required": true, 
            "atomic_default": null, 
            "atomic_type": "DEFAULT", 
            "atomic_suggestions": ""
        }, 
        "model": "questionnaire.qpropertycustomization", 
        "pk": 15
    }, 
    {
        "fields": {
            "category": 7, 
            "field_type": "RELATIONSHIP", 
            "property_title": "Multiple Targets", 
            "is_nillable": true, 
            "name": "blargle", 
            "created": "2016-05-09T12:51:35.620Z", 
            "documentation": "", 
            "guid": "eb7f09d6-c1f8-4751-ad98-a5a44e5cc4b9", 
            "modified": "2016-05-24T16:48:24.028Z", 
            "relationship_show_subform": true, 
            "order": 3, 
            "is_editable": true, 
            "inline_help": false, 
            "model_customization": 2, 
            "proxy": 6, 
            "enumeration_open": false, 
            "is_hidden": false, 
            "is_required": false, 
            "atomic_default": null, 
            "atomic_type": "DEFAULT", 
            "atomic_suggestions": null
        }, 
        "model": "questionnaire.qpropertycustomization", 
        "pk": 16
    }, 
    {
        "fields": {
            "category": 20, 
            "field_type": "ATOMIC", 
            "property_title": "Name", 
            "is_nillable": true, 
            "name": "blargle", 
            "created": "2016-05-09T12:51:35.702Z", 
            "documentation": "", 
            "guid": "e6d5f1b4-307e-48df-81cc-001804354202", 
            "modified": "2016-05-24T16:48:24.116Z", 
            "relationship_show_subform": false, 
            "order": 1, 
            "is_editable": true, 
            "inline_help": false, 
            "model_customization": 10, 
            "proxy": 7, 
            "enumeration_open": false, 
            "is_hidden": false, 
            "is_required": true, 
            "atomic_default": null, 
            "atomic_type": "DEFAULT", 
            "atomic_suggestions": ""
        }, 
        "model": "questionnaire.qpropertycustomization", 
        "pk": 17
    }, 
    {
        "fields": {
            "category": 24, 
            "field_type": "ATOMIC", 
            "property_title": "Name", 
            "is_nillable": true, 
            "name": "blargle", 
            "created": "2016-05-09T12:51:35.789Z", 
            "documentation": "", 
            "guid": "14aa9f62-eeb3-4e8d-8de8-8e5b0ddbbf49", 
            "modified": "2016-05-24T16:48:24.192Z", 
            "relationship_show_subform": false, 
            "order": 1, 
            "is_editable": true, 
            "inline_help": false, 
            "model_customization": 11, 
            "proxy": 8, 
            "enumeration_open": false, 
            "is_hidden": false, 
            "is_required": true, 
            "atomic_default": null, 
            "atomic_type": "DEFAULT", 
            "atomic_suggestions": ""
        }, 
        "model": "questionnaire.qpropertycustomization", 
        "pk": 18
    }
]
